1,26,1,2021-08-01,2021-08-08
2,26,1,2021-08-01,2021-08-08
3,26,1,2021-08-01,2021-08-08
4,26,1,2021-08-01,2021-08-08
5,26,3,2021-08-01,2021-08-08
6,26,3,2021-08-01,2021-08-08
7,26,3,2021-08-01,2021-08-08
8,26,4,2021-08-01,2021-08-08
9,26,5,2021-08-01,2021-08-08
10,27,1,2021-08-01,2021-08-08
11,27,1,2021-08-01,2021-08-08
12,27,1,2021-08-01,2021-08-08
13,27,2,2021-08-01,2021-08-08
14,27,2,2021-08-01,2021-08-08
15,27,2,2021-08-01,2021-08-08
16,27,3,2021-08-01,2021-08-08
17,27,4,2021-08-01,2021-08-08
18,29,1,2021-08-01,2021-08-08
19,29,1,2021-08-01,2021-08-08
20,29,1,2021-08-01,2021-08-08
21,29,2,2021-08-01,2021-08-08
22,29,2,2021-08-01,2021-08-08
23,29,2,2021-08-01,2021-08-08
24,29,3,2021-08-01,2021-08-08
25,29,4,2021-08-01,2021-08-08
26,29,5,2021-08-01,2021-08-08